lat, lon, Styrofoam_Box, Styrofoam_Piece, PET_Bottle, Glass, Metal, Plastic_ETC, Rope
35.164308, 128.031350, 0, 16, 21, 0, 4, 17, 0
35.164341, 128.031382, 0, 14, 15, 0, 2, 13, 0
35.164374, 128.031414, 0, 12, 15, 0, 2, 7, 0
35.164403, 128.031440, 0, 16, 9, 0, 5, 9, 0
35.164431, 128.031465, 0, 11, 9, 0, 1, 10, 0
35.164460, 128.031492, 0, 15, 12, 0, 1, 10, 0
35.164490, 128.031518, 0, 20, 15, 1, 1, 12, 0
35.164523, 128.031541, 1, 22, 16, 0, 1, 10, 0
35.164558, 128.031561, 1, 30, 16, 0, 2, 11, 0
35.164595, 128.031580, 2, 27, 14, 0, 3, 18, 0
35.164641, 128.031604, 2, 20, 16, 0, 2, 9, 0
35.164690, 128.031632, 1, 16, 9, 0, 0, 11, 0
35.164731, 128.031657, 0, 22, 15, 0, 2, 9, 0
35.164769, 128.031681, 0, 30, 13, 0, 0, 17, 0
35.164809, 128.031707, 0, 21, 14, 0, 1, 18, 0
35.164846, 128.031732, 0, 13, 21, 0, 2, 16, 0
35.164884, 128.031759, 0, 6, 21, 0, 2, 8, 0
35.164923, 128.031787, 0, 16, 10, 0, 0, 9, 0
35.164963, 128.031816, 0, 10, 12, 0, 2, 14, 0
35.165003, 128.031845, 2, 18, 12, 0, 3, 18, 0
35.165039, 128.031872, 3, 23, 14, 0, 2, 10, 0
35.165079, 128.031902, 1, 22, 10, 0, 2, 10, 1
35.165120, 128.031932, 0, 22, 10, 0, 1, 13, 0
35.165161, 128.031962, 0, 21, 12, 0, 1, 16, 0
35.165204, 128.031992, 1, 21, 12, 0, 2, 16, 0
35.165247, 128.032026, 0, 20, 10, 1, 1, 14, 0
35.165289, 128.032062, 0, 30, 17, 0, 1, 12, 0
35.165333, 128.032099, 0, 20, 8, 0, 6, 14, 0
35.165378, 128.032137, 0, 27, 7, 0, 1, 16, 0
35.165417, 128.032178, 0, 11, 9, 0, 1, 5, 0
35.165497, 128.032269, 0, 13, 6, 0, 2, 2, 0
35.165554, 128.032323, 0, 11, 3, 0, 0, 9, 0
35.165590, 128.032349, 0, 10, 7, 0, 1, 7, 0
35.165626, 128.032377, 0, 16, 4, 0, 0, 8, 0
35.165657, 128.032402, 0, 15, 3, 0, 0, 5, 0
35.165684, 128.032432, 1, 13, 6, 0, 0, 4, 0
35.165737, 128.032461, 0, 7, 7, 0, 0, 4, 0
35.165784, 128.032482, 0, 6, 5, 0, 0, 2, 0
35.165818, 128.032515, 0, 6, 5, 0, 0, 7, 0
35.165860, 128.032548, 0, 4, 6, 0, 2, 8, 0
35.165913, 128.032565, 0, 5, 5, 0, 2, 6, 0
35.165947, 128.032596, 0, 7, 5, 0, 1, 1, 0
35.165978, 128.032632, 1, 8, 2, 0, 1, 2, 0
35.166007, 128.032666, 1, 6, 4, 0, 1, 1, 0
35.166035, 128.032697, 0, 7, 4, 1, 0, 1, 0
35.166065, 128.032731, 0, 5, 4, 1, 1, 2, 0
35.166093, 128.032759, 0, 6, 3, 0, 4, 1, 0
35.166120, 128.032787, 0, 7, 4, 0, 4, 1, 0
35.166148, 128.032817, 0, 7, 4, 1, 2, 5, 0
35.166173, 128.032845, 0, 6, 3, 0, 0, 5, 0
35.166198, 128.032873, 0, 8, 3, 0, 0, 4, 0
35.166224, 128.032903, 0, 5, 2, 0, 0, 6, 0
35.166248, 128.032930, 0, 7, 2, 0, 0, 5, 0
35.166272, 128.032957, 0, 12, 4, 0, 0, 5, 0
35.166296, 128.032984, 0, 11, 3, 0, 0, 4, 0
35.166325, 128.033015, 0, 8, 1, 0, 2, 6, 0
35.166355, 128.033049, 0, 7, 2, 0, 2, 2, 0
35.166386, 128.033086, 0, 11, 2, 0, 1, 9, 0
35.166413, 128.033121, 0, 12, 3, 0, 1, 9, 0
35.166440, 128.033153, 0, 9, 4, 0, 0, 8, 0
35.166467, 128.033185, 0, 9, 4, 0, 1, 6, 0
35.166494, 128.033215, 1, 19, 9, 0, 2, 10, 0
35.166523, 128.033246, 0, 24, 9, 1, 1, 6, 0
35.166550, 128.033277, 1, 19, 6, 0, 0, 12, 0
35.166580, 128.033310, 0, 11, 1, 0, 2, 8, 0
35.166607, 128.033344, 0, 6, 5, 0, 1, 7, 0
35.166633, 128.033378, 0, 8, 5, 0, 0, 6, 0
35.166664, 128.033417, 0, 9, 3, 0, 0, 6, 0
35.166698, 128.033457, 0, 3, 2, 0, 1, 8, 1
35.166732, 128.033500, 0, 8, 2, 0, 1, 8, 0
35.166769, 128.033545, 0, 10, 4, 0, 2, 11, 0
35.166799, 128.033584, 1, 5, 7, 0, 2, 5, 0
35.166831, 128.033627, 0, 7, 6, 0, 0, 4, 0
35.166868, 128.033675, 0, 12, 6, 0, 1, 3, 0
35.166907, 128.033724, 1, 6, 3, 0, 3, 6, 0
35.166940, 128.033767, 0, 13, 4, 0, 1, 4, 0
35.166974, 128.033810, 1, 9, 3, 0, 0, 7, 0
35.167008, 128.033855, 0, 6, 5, 0, 0, 11, 0
35.167046, 128.033903, 0, 14, 5, 0, 1, 6, 0
35.167083, 128.033948, 0, 23, 9, 0, 0, 11, 0
35.167119, 128.033996, 0, 24, 13, 1, 1, 10, 0
35.167158, 128.034040, 0, 21, 12, 0, 1, 9, 0
35.167195, 128.034085, 0, 14, 4, 0, 2, 9, 0
35.167234, 128.034134, 0, 17, 4, 0, 3, 5, 0
35.167264, 128.034167, 0, 20, 6, 0, 1, 5, 0
35.167289, 128.034197, 0, 19, 6, 0, 1, 7, 0
35.167315, 128.034232, 0, 17, 8, 0, 2, 8, 0
35.167350, 128.034275, 0, 10, 11, 0, 1, 9, 0
35.167384, 128.034314, 0, 11, 8, 0, 3, 15, 0
35.167417, 128.034358, 0, 20, 8, 0, 2, 10, 0
35.167451, 128.034400, 0, 16, 12, 0, 3, 8, 0
35.167485, 128.034442, 0, 18, 11, 0, 0, 9, 0
35.167521, 128.034484, 0, 17, 11, 0, 0, 8, 0
35.167555, 128.034525, 0, 11, 3, 0, 0, 5, 0
35.167592, 128.034569, 0, 15, 7, 0, 1, 12, 0
35.167663, 128.034586, 0, 13, 12, 1, 0, 13, 0
35.167711, 128.034600, 0, 8, 6, 0, 2, 19, 0
35.167728, 128.034610, 0, 13, 6, 0, 4, 17, 0
35.167743, 128.034626, 1, 19, 7, 0, 6, 14, 1
35.167807, 128.034598, 0, 22, 5, 0, 4, 6, 0
35.167869, 128.034612, 0, 23, 6, 0, 3, 15, 0
35.167911, 128.034656, 0, 25, 6, 0, 0, 16, 0
35.167948, 128.034698, 1, 12, 7, 0, 1, 11, 0
35.167988, 128.034742, 0, 7, 5, 0, 3, 6, 0
35.168027, 128.034782, 0, 12, 9, 0, 2, 5, 0
35.168061, 128.034816, 0, 15, 3, 0, 2, 9, 0
35.168090, 128.034846, 0, 17, 7, 0, 1, 2, 0
35.168120, 128.034879, 0, 14, 8, 0, 3, 10, 0
35.168151, 128.034913, 0, 13, 8, 0, 1, 12, 0
35.168185, 128.034948, 1, 18, 9, 0, 1, 11, 0
35.168220, 128.034985, 0, 23, 12, 0, 3, 10, 0
35.168253, 128.035019, 1, 20, 13, 0, 3, 14, 0
35.168289, 128.035055, 0, 16, 12, 0, 2, 8, 0
35.168323, 128.035089, 0, 15, 12, 0, 0, 6, 0
35.168359, 128.035123, 0, 13, 12, 0, 0, 5, 0
35.168391, 128.035154, 0, 16, 9, 0, 1, 6, 0
35.168420, 128.035185, 0, 18, 7, 0, 2, 11, 0
35.168458, 128.035230, 1, 16, 3, 0, 1, 9, 0
35.168497, 128.035276, 1, 13, 4, 0, 1, 8, 0
35.168524, 128.035310, 0, 12, 11, 1, 2, 6, 0
35.168547, 128.035337, 0, 20, 14, 1, 1, 8, 0
35.168572, 128.035364, 0, 21, 17, 2, 1, 9, 0
35.168605, 128.035403, 0, 18, 12, 0, 1, 14, 0
35.168638, 128.035441, 1, 21, 7, 0, 1, 8, 0
35.168671, 128.035476, 1, 20, 15, 0, 1, 15, 0
35.168703, 128.035511, 0, 21, 10, 0, 1, 16, 0
35.168734, 128.035547, 0, 18, 10, 0, 3, 9, 0
35.168763, 128.035580, 1, 19, 7, 0, 2, 5, 0
35.168791, 128.035614, 2, 17, 3, 1, 2, 11, 0
35.168817, 128.035645, 1, 18, 11, 0, 2, 12, 0
35.168842, 128.035674, 0, 15, 9, 0, 2, 13, 0
35.168862, 128.035697, 1, 19, 9, 1, 0, 10, 0
35.168876, 128.035715, 0, 17, 5, 1, 0, 13, 0
35.168900, 128.035743, 0, 15, 9, 2, 0, 12, 0
35.168921, 128.035768, 0, 22, 11, 0, 2, 16, 0
35.168935, 128.035788, 0, 18, 13, 0, 0, 8, 0
35.168958, 128.035820, 0, 19, 10, 0, 1, 10, 0
35.168988, 128.035862, 0, 14, 10, 1, 3, 10, 0
35.169011, 128.035895, 0, 16, 10, 1, 2, 12, 0
35.169031, 128.035923, 0, 21, 7, 0, 0, 15, 0
35.169053, 128.035952, 3, 27, 9, 0, 1, 20, 0
35.169078, 128.035988, 0, 18, 9, 0, 1, 9, 0
35.169108, 128.036027, 0, 18, 9, 0, 0, 6, 0
35.169139, 128.036063, 0, 16, 11, 1, 0, 3, 0
35.169173, 128.036105, 1, 17, 6, 0, 0, 6, 0
35.169206, 128.036150, 0, 13, 9, 0, 1, 6, 0
35.169239, 128.036192, 0, 10, 12, 0, 2, 5, 0
35.169271, 128.036237, 0, 14, 15, 0, 1, 6, 0
35.169301, 128.036281, 0, 13, 13, 0, 0, 9, 1
35.169326, 128.036317, 0, 17, 11, 0, 1, 10, 1
35.169347, 128.036346, 0, 21, 12, 0, 1, 12, 0
35.169366, 128.036370, 0, 20, 12, 0, 1, 11, 0
35.169389, 128.036404, 0, 18, 13, 0, 1, 12, 0
35.169418, 128.036442, 0, 18, 10, 0, 1, 13, 0
35.169448, 128.036483, 0, 24, 6, 0, 2, 14, 0
35.169479, 128.036525, 0, 25, 4, 0, 0, 10, 0
35.169511, 128.036567, 0, 13, 3, 0, 1, 7, 0
35.169544, 128.036611, 0, 15, 14, 0, 1, 15, 0
35.169574, 128.036652, 0, 14, 12, 0, 4, 11, 0
35.169600, 128.036687, 0, 12, 9, 1, 3, 9, 0
35.169625, 128.036718, 0, 17, 10, 0, 1, 8, 0
35.169646, 128.036749, 0, 22, 8, 0, 1, 7, 0
35.169668, 128.036779, 0, 19, 6, 0, 0, 10, 0
35.169691, 128.036810, 0, 13, 7, 0, 1, 19, 1
35.169714, 128.036839, 0, 15, 8, 0, 2, 7, 1
35.169737, 128.036868, 0, 16, 10, 0, 2, 9, 1
35.169758, 128.036895, 0, 17, 5, 0, 1, 7, 0
35.169781, 128.036922, 0, 11, 4, 0, 2, 2, 0
35.169803, 128.036950, 0, 11, 3, 0, 2, 5, 0
35.169826, 128.036979, 0, 10, 3, 0, 2, 6, 0
35.169848, 128.037008, 0, 11, 6, 0, 1, 8, 0
35.169869, 128.037036, 0, 15, 5, 0, 2, 10, 0
35.169891, 128.037067, 0, 15, 6, 1, 2, 7, 0
35.169916, 128.037102, 0, 11, 2, 0, 1, 8, 0
35.169940, 128.037137, 0, 15, 4, 0, 2, 10, 0
35.169969, 128.037175, 0, 14, 2, 0, 0, 7, 0
35.170001, 128.037218, 0, 9, 9, 0, 4, 9, 0
35.170034, 128.037260, 0, 7, 7, 0, 5, 6, 0
35.170067, 128.037302, 1, 7, 4, 0, 1, 3, 0
35.170099, 128.037340, 1, 6, 3, 0, 1, 5, 0
35.170133, 128.037378, 0, 5, 2, 0, 0, 3, 0
35.170163, 128.037411, 0, 2, 5, 0, 0, 2, 0
35.170191, 128.037442, 0, 4, 2, 0, 0, 2, 0
35.170210, 128.037465, 0, 2, 3, 0, 0, 1, 0
35.170086, 128.036759, 0, 0, 0, 0, 0, 0, 0
35.170009, 128.036686, 0, 3, 2, 0, 0, 1, 0
35.169946, 128.036626, 0, 0, 0, 0, 0, 0, 0
35.169912, 128.036593, 0, 1, 0, 0, 0, 1, 0
35.169877, 128.036561, 0, 2, 5, 0, 0, 1, 0
35.169831, 128.036518, 0, 2, 4, 0, 0, 1, 0
35.169785, 128.036474, 0, 3, 1, 0, 0, 2, 0
35.169747, 128.036436, 0, 4, 0, 0, 0, 1, 0
35.169712, 128.036402, 0, 5, 6, 0, 0, 2, 0
35.169676, 128.036367, 0, 7, 8, 0, 1, 7, 0
35.169641, 128.036331, 1, 7, 5, 0, 1, 3, 1
35.169624, 128.036291, 1, 11, 3, 0, 0, 6, 0
35.169607, 128.036266, 1, 13, 3, 0, 0, 6, 0
35.169583, 128.036244, 1, 11, 2, 0, 0, 4, 0
35.169560, 128.036224, 0, 8, 8, 0, 0, 2, 0
35.169534, 128.036197, 0, 4, 10, 0, 1, 7, 0
35.169503, 128.036166, 0, 7, 7, 1, 1, 13, 0
35.169473, 128.036124, 0, 15, 7, 0, 2, 12, 0
35.169463, 128.036050, 0, 22, 6, 0, 2, 5, 0
35.169436, 128.036004, 0, 20, 8, 0, 1, 10, 0
35.169406, 128.035973, 1, 16, 3, 0, 0, 10, 0
35.169399, 128.035920, 0, 13, 8, 0, 1, 8, 0
35.169402, 128.035874, 1, 12, 8, 0, 0, 5, 0
35.169379, 128.035874, 0, 11, 10, 0, 0, 5, 0
35.169350, 128.035888, 0, 12, 13, 0, 2, 6, 0
35.169334, 128.035879, 0, 8, 12, 0, 4, 6, 0
35.169311, 128.035852, 0, 6, 13, 0, 3, 14, 0
35.169283, 128.035822, 0, 10, 15, 0, 2, 16, 0
35.169251, 128.035792, 0, 12, 12, 0, 2, 12, 0
35.169219, 128.035758, 0, 16, 9, 0, 0, 12, 0
35.169186, 128.035721, 0, 15, 1, 0, 0, 9, 0
35.169154, 128.035685, 0, 7, 3, 0, 1, 5, 0
35.169123, 128.035651, 0, 8, 7, 0, 3, 6, 0
35.169092, 128.035618, 0, 10, 6, 0, 2, 6, 0
35.169060, 128.035584, 0, 16, 5, 0, 0, 2, 0
35.169029, 128.035551, 0, 17, 7, 0, 1, 7, 0
35.169003, 128.035523, 1, 10, 7, 0, 1, 3, 0
35.168972, 128.035490, 0, 5, 4, 0, 0, 3, 0
35.168942, 128.035460, 0, 4, 3, 0, 0, 3, 0
35.168912, 128.035431, 0, 4, 6, 0, 0, 5, 0
35.168880, 128.035401, 0, 6, 3, 0, 0, 8, 0
35.168852, 128.035375, 0, 5, 2, 0, 1, 2, 0
35.168823, 128.035343, 0, 7, 1, 0, 1, 3, 0
35.168790, 128.035310, 1, 9, 3, 0, 0, 4, 0
35.168757, 128.035278, 0, 10, 3, 0, 0, 4, 0
35.168725, 128.035245, 0, 8, 1, 0, 1, 7, 0
35.168698, 128.035216, 0, 9, 3, 2, 2, 6, 0
35.168668, 128.035184, 0, 11, 7, 0, 0, 6, 0
35.168631, 128.035143, 0, 5, 5, 0, 0, 6, 0
35.168593, 128.035103, 0, 8, 6, 0, 0, 5, 0
35.168556, 128.035065, 0, 10, 8, 0, 1, 8, 0
35.168523, 128.035030, 0, 13, 10, 0, 0, 6, 0
35.168493, 128.035000, 0, 9, 4, 0, 1, 5, 0
35.168459, 128.034966, 0, 12, 4, 0, 0, 8, 0
35.168425, 128.034930, 0, 9, 10, 1, 1, 2, 0
35.168391, 128.034894, 1, 10, 3, 0, 1, 5, 0
35.168355, 128.034858, 0, 8, 7, 0, 1, 5, 0
35.168320, 128.034821, 0, 4, 6, 0, 1, 2, 0
35.168287, 128.034785, 0, 5, 5, 0, 1, 9, 0
35.168251, 128.034747, 0, 4, 5, 0, 2, 9, 0
35.168208, 128.034703, 0, 5, 1, 0, 1, 2, 0
35.168183, 128.034677, 0, 3, 3, 0, 0, 0, 0
35.168162, 128.034662, 0, 3, 4, 0, 0, 1, 0
35.168117, 128.034652, 0, 7, 7, 0, 0, 5, 0
35.168092, 128.034638, 0, 9, 9, 0, 0, 2, 0
35.168048, 128.034608, 0, 10, 6, 1, 0, 10, 0
35.168009, 128.034587, 0, 7, 3, 0, 0, 11, 0
35.167967, 128.034602, 0, 21, 6, 0, 1, 13, 0
35.167965, 128.034546, 0, 12, 1, 0, 0, 3, 0
35.167943, 128.034520, 0, 17, 3, 0, 0, 5, 0
35.167889, 128.034480, 1, 12, 4, 0, 0, 5, 0
35.167868, 128.034490, 1, 10, 5, 0, 0, 4, 0
35.167841, 128.034510, 0, 12, 3, 0, 1, 7, 0
35.167806, 128.034500, 0, 14, 5, 0, 1, 8, 0
35.167767, 128.034484, 0, 9, 5, 1, 1, 13, 0
35.167742, 128.034470, 0, 8, 4, 1, 2, 8, 0
35.167699, 128.034416, 0, 10, 4, 0, 2, 4, 0
35.167653, 128.034351, 0, 4, 7, 0, 0, 2, 0
35.167616, 128.034302, 0, 4, 4, 1, 1, 4, 0
35.167598, 128.034279, 0, 5, 4, 0, 0, 2, 0
35.167586, 128.034294, 0, 8, 3, 1, 0, 4, 0
35.167550, 128.034313, 0, 11, 8, 0, 0, 9, 0
35.167530, 128.034305, 0, 11, 9, 0, 1, 8, 0
35.167514, 128.034291, 0, 10, 6, 0, 2, 4, 0
35.167498, 128.034275, 0, 14, 4, 0, 2, 7, 0
35.167486, 128.034262, 0, 12, 6, 0, 2, 5, 0
35.167476, 128.034250, 0, 11, 4, 0, 2, 2, 0
35.167465, 128.034239, 0, 10, 4, 0, 1, 4, 0
35.167443, 128.034215, 0, 11, 6, 0, 0, 5, 0
35.167409, 128.034174, 0, 6, 3, 0, 0, 4, 0
35.167377, 128.034137, 0, 9, 5, 0, 1, 7, 0
35.167372, 128.034103, 0, 11, 5, 0, 1, 11, 0
35.167353, 128.034039, 0, 9, 3, 0, 0, 3, 0
35.167331, 128.033996, 1, 10, 7, 0, 0, 5, 0
35.167298, 128.033945, 2, 8, 4, 0, 0, 4, 0
35.167259, 128.033887, 0, 9, 4, 0, 0, 4, 0
35.167214, 128.033821, 0, 11, 4, 0, 0, 3, 0
35.167178, 128.033767, 0, 5, 4, 0, 0, 4, 0
35.167146, 128.033722, 0, 2, 6, 0, 0, 2, 0
35.167112, 128.033676, 0, 0, 2, 0, 0, 1, 0
35.167093, 128.033651, 0, 1, 2, 0, 0, 0, 0
35.167043, 128.033613, 0, 6, 2, 0, 0, 2, 0
35.167007, 128.033581, 2, 7, 5, 0, 0, 1, 1
35.166941, 128.033523, 1, 4, 2, 0, 2, 2, 1
35.166886, 128.033473, 0, 5, 4, 0, 1, 2, 0
35.166847, 128.033436, 0, 9, 4, 0, 0, 2, 0
35.166803, 128.033394, 0, 7, 0, 0, 1, 2, 0
35.166751, 128.033341, 0, 7, 3, 0, 0, 6, 1
35.166697, 128.033283, 0, 13, 4, 1, 0, 8, 0
35.166673, 128.033234, 0, 8, 8, 0, 0, 6, 0
35.166649, 128.033194, 1, 12, 6, 0, 0, 4, 0
35.166605, 128.033174, 1, 9, 5, 0, 0, 8, 0
35.166562, 128.033143, 1, 9, 2, 0, 0, 1, 0
35.166529, 128.033108, 0, 7, 2, 0, 0, 3, 0
35.166501, 128.033068, 0, 4, 0, 0, 0, 3, 0
35.166461, 128.033019, 0, 8, 1, 0, 0, 3, 0
35.166427, 128.032980, 0, 7, 1, 0, 0, 4, 0
35.166395, 128.032943, 0, 4, 0, 0, 0, 3, 0
35.166359, 128.032904, 0, 3, 1, 0, 0, 2, 0
35.166310, 128.032854, 0, 0, 0, 0, 0, 1, 0
35.166256, 128.032799, 0, 1, 0, 1, 0, 1, 0
35.166201, 128.032744, 0, 1, 0, 0, 0, 0, 0
35.166150, 128.032691, 0, 0, 0, 0, 0, 0, 0
35.166106, 128.032646, 0, 1, 0, 0, 0, 0, 0
35.166070, 128.032606, 0, 0, 0, 0, 0, 0, 0
35.166021, 128.032553, 0, 1, 1, 0, 1, 0, 0
35.165962, 128.032515, 0, 3, 1, 1, 1, 1, 0
35.165911, 128.032541, 0, 4, 5, 0, 1, 2, 0
35.165858, 128.032481, 0, 6, 8, 2, 2, 6, 0
35.165787, 128.032406, 0, 14, 5, 0, 0, 5, 0
35.165720, 128.032336, 0, 10, 3, 0, 1, 5, 0
35.165661, 128.032273, 0, 9, 3, 0, 0, 0, 0
35.165611, 128.032222, 0, 11, 2, 0, 1, 5, 0
35.165575, 128.032186, 0, 7, 2, 1, 1, 4, 0
35.165513, 128.032121, 0, 12, 4, 0, 0, 8, 0
35.165455, 128.032037, 0, 7, 7, 0, 4, 3, 0
35.165407, 128.031952, 0, 8, 5, 0, 0, 7, 0
35.165360, 128.031879, 0, 7, 6, 0, 0, 7, 0
35.165310, 128.031824, 0, 2, 3, 0, 0, 4, 0
35.165259, 128.031774, 0, 4, 5, 0, 0, 3, 0
35.165212, 128.031727, 0, 5, 7, 0, 1, 3, 0
35.165167, 128.031684, 1, 6, 3, 0, 0, 2, 0
35.165129, 128.031646, 0, 9, 5, 0, 0, 6, 0
35.165093, 128.031611, 0, 10, 6, 0, 1, 5, 0
35.165058, 128.031574, 1, 5, 4, 0, 0, 4, 0
35.165027, 128.031538, 1, 7, 3, 0, 0, 6, 0
35.164992, 128.031498, 0, 6, 1, 0, 1, 0, 0
35.163844, 128.031169, 0, 32, 23, 0, 4, 17, 0
35.163980, 128.031250, 0, 14, 13, 0, 2, 5, 0
35.164010, 128.031301, 0, 18, 15, 1, 2, 15, 0
35.164010, 128.031351, 2, 19, 13, 0, 1, 11, 1
35.164042, 128.031344, 0, 27, 16, 0, 0, 12, 0
35.164037, 128.031428, 0, 16, 7, 0, 0, 13, 0
35.164132, 128.031480, 1, 8, 3, 0, 1, 14, 0
35.164155, 128.031489, 1, 6, 4, 0, 0, 10, 0
35.164216, 128.031521, 0, 2, 8, 1, 0, 14, 0
35.164240, 128.031534, 0, 4, 10, 0, 0, 12, 0
35.164294, 128.031583, 0, 10, 10, 1, 2, 14, 0
35.164328, 128.031640, 0, 22, 4, 1, 1, 23, 0
35.164366, 128.031668, 0, 18, 5, 2, 1, 21, 0
35.164394, 128.031717, 0, 12, 4, 0, 1, 18, 0
35.164419, 128.031772, 0, 11, 6, 0, 2, 15, 0
35.164455, 128.031799, 0, 20, 13, 0, 3, 17, 0
35.164494, 128.031821, 0, 21, 13, 0, 1, 17, 0
35.164532, 128.031841, 0, 14, 10, 0, 1, 18, 0
35.164567, 128.031859, 0, 13, 9, 0, 1, 12, 0
35.164592, 128.031872, 0, 12, 8, 0, 4, 14, 0
35.164610, 128.031881, 0, 15, 14, 0, 2, 12, 0
35.164631, 128.031895, 0, 14, 16, 0, 4, 10, 0
35.164659, 128.031914, 0, 21, 7, 0, 2, 10, 0
35.164684, 128.031929, 0, 21, 10, 0, 3, 14, 0
35.164711, 128.031945, 0, 15, 6, 0, 3, 7, 0
35.164744, 128.031960, 1, 15, 5, 0, 1, 10, 0
35.164771, 128.031944, 0, 15, 5, 0, 1, 9, 0
35.164806, 128.031943, 1, 15, 9, 0, 2, 15, 0
35.164843, 128.031953, 1, 13, 8, 0, 4, 21, 0
35.164876, 128.031968, 0, 12, 6, 0, 2, 14, 0
35.164907, 128.031979, 0, 8, 7, 0, 4, 6, 0
35.164949, 128.031991, 0, 7, 9, 0, 0, 11, 2
35.164976, 128.031998, 0, 11, 11, 0, 1, 14, 0
35.165015, 128.032020, 1, 17, 12, 0, 3, 12, 1
35.165056, 128.032072, 2, 16, 11, 0, 2, 7, 0
35.165087, 128.032180, 1, 17, 13, 0, 0, 10, 0
35.165108, 128.032273, 0, 13, 8, 0, 0, 7, 1
35.165120, 128.032325, 0, 6, 8, 0, 2, 13, 0
35.165131, 128.032358, 0, 8, 6, 0, 0, 11, 0
35.165157, 128.032396, 0, 14, 7, 0, 1, 10, 0
35.165196, 128.032428, 0, 8, 10, 0, 2, 6, 0
35.165245, 128.032473, 2, 15, 12, 0, 3, 10, 0
35.165297, 128.032526, 0, 15, 7, 0, 5, 15, 4
35.165347, 128.032548, 0, 18, 11, 0, 1, 15, 0
35.165386, 128.032561, 3, 19, 10, 0, 4, 14, 0
35.165417, 128.032584, 1, 19, 10, 0, 3, 6, 1
35.165459, 128.032558, 1, 16, 10, 0, 3, 15, 1
35.165507, 128.032539, 1, 23, 11, 0, 0, 10, 0
35.165551, 128.032587, 0, 16, 9, 0, 3, 16, 0
35.165555, 128.032586, 0, 15, 7, 0, 4, 15, 1
35.165625, 128.032604, 0, 16, 13, 0, 6, 13, 0
35.165665, 128.032612, 0, 18, 16, 0, 3, 8, 0
35.165681, 128.032629, 0, 21, 13, 0, 1, 6, 0
35.165705, 128.032695, 0, 21, 14, 0, 3, 5, 0
35.165725, 128.032787, 0, 24, 10, 1, 0, 3, 0
35.165736, 128.032857, 2, 20, 5, 0, 2, 1, 0
35.165742, 128.032913, 2, 10, 6, 0, 0, 4, 0
35.165748, 128.032953, 1, 10, 6, 1, 0, 5, 0
35.165752, 128.032979, 2, 8, 6, 0, 1, 3, 0
35.165757, 128.032995, 1, 11, 9, 0, 0, 4, 0
35.165765, 128.033022, 1, 12, 6, 0, 1, 5, 0
35.165779, 128.033063, 1, 9, 3, 0, 1, 3, 0
35.165800, 128.033084, 2, 10, 4, 1, 0, 3, 0
35.165812, 128.033104, 1, 15, 4, 1, 3, 3, 1
35.165824, 128.033141, 0, 9, 4, 0, 1, 8, 0
35.165839, 128.033179, 2, 10, 5, 0, 1, 10, 0
35.165867, 128.033207, 1, 8, 5, 0, 1, 17, 1
35.165901, 128.033236, 1, 8, 6, 0, 2, 13, 0
35.165933, 128.033274, 0, 7, 9, 0, 1, 5, 0
35.165962, 128.033315, 0, 10, 13, 0, 0, 16, 0
35.165987, 128.033343, 0, 14, 10, 0, 0, 10, 0
35.166020, 128.033323, 1, 17, 11, 0, 1, 14, 0
35.166051, 128.033339, 0, 18, 10, 0, 1, 11, 0
35.166084, 128.033382, 0, 13, 10, 0, 3, 17, 0
35.166117, 128.033412, 0, 16, 11, 0, 2, 17, 0
35.166154, 128.033441, 0, 17, 10, 0, 1, 24, 0
35.166178, 128.033457, 1, 18, 9, 1, 2, 16, 1
35.166213, 128.033476, 1, 15, 13, 1, 1, 17, 1
35.166250, 128.033498, 0, 10, 14, 0, 2, 16, 0
35.166285, 128.033533, 0, 9, 10, 0, 1, 15, 0
35.166323, 128.033615, 1, 12, 10, 0, 1, 10, 0
35.166374, 128.033774, 0, 20, 10, 0, 2, 11, 0
35.166387, 128.033817, 1, 14, 5, 0, 2, 7, 0
35.166400, 128.033833, 1, 9, 7, 0, 1, 9, 0
35.166460, 128.033895, 2, 14, 6, 0, 0, 6, 0
35.166509, 128.033931, 2, 18, 15, 1, 0, 7, 1
35.166559, 128.033972, 1, 16, 10, 0, 0, 7, 0
35.166620, 128.034009, 0, 14, 10, 0, 0, 10, 0
35.166681, 128.034040, 1, 9, 3, 1, 0, 11, 0
35.166747, 128.034038, 4, 9, 9, 0, 0, 6, 0
35.166813, 128.034063, 3, 16, 13, 0, 2, 10, 0
35.166871, 128.034092, 3, 16, 11, 0, 2, 10, 0
35.166911, 128.034112, 3, 15, 14, 0, 3, 15, 0
35.166943, 128.034126, 1, 12, 12, 0, 1, 11, 0
35.166971, 128.034141, 1, 24, 13, 0, 2, 13, 0
35.167000, 128.034163, 0, 21, 11, 2, 2, 7, 0
35.167041, 128.034229, 2, 26, 13, 0, 1, 4, 0
35.167078, 128.034330, 1, 19, 14, 0, 1, 6, 0
35.167102, 128.034410, 0, 18, 12, 1, 1, 6, 0
35.167150, 128.034450, 0, 17, 12, 1, 0, 9, 0
35.167176, 128.034489, 2, 27, 6, 0, 2, 8, 0
35.167199, 128.034549, 2, 21, 6, 0, 0, 6, 0
35.167232, 128.034619, 1, 12, 8, 0, 1, 13, 0
35.167288, 128.034648, 0, 14, 11, 0, 1, 4, 0
35.167360, 128.034650, 0, 21, 21, 0, 0, 9, 0
35.167433, 128.034710, 0, 21, 12, 0, 2, 11, 0
35.167488, 128.034766, 3, 21, 15, 0, 0, 15, 0
35.167499, 128.034772, 6, 16, 15, 0, 1, 14, 0
35.167578, 128.034800, 3, 19, 9, 0, 0, 8, 0
35.167666, 128.034821, 2, 12, 9, 0, 0, 13, 0
35.167745, 128.034827, 1, 29, 15, 0, 2, 11, 0
35.167783, 128.034847, 0, 30, 9, 0, 1, 7, 0
35.167813, 128.034993, 3, 32, 18, 0, 1, 5, 0
35.167827, 128.035082, 0, 31, 14, 0, 3, 5, 0
35.167850, 128.035131, 2, 24, 11, 0, 1, 9, 0
35.167884, 128.035171, 1, 17, 14, 0, 1, 13, 0
35.167906, 128.035214, 0, 19, 21, 0, 1, 8, 0
35.167930, 128.035260, 0, 13, 22, 0, 0, 10, 0
35.167955, 128.035299, 0, 17, 19, 0, 2, 12, 1
35.167985, 128.035337, 0, 18, 10, 0, 1, 9, 0
35.168020, 128.035367, 0, 18, 14, 0, 1, 17, 0
35.168056, 128.035393, 1, 25, 21, 0, 3, 16, 0
35.168091, 128.035423, 0, 25, 20, 0, 0, 17, 0
35.168124, 128.035451, 0, 31, 14, 0, 2, 17, 1
35.168174, 128.035467, 0, 35, 14, 0, 3, 12, 0
35.168207, 128.035477, 1, 31, 9, 0, 2, 10, 1
35.168224, 128.035484, 1, 29, 10, 1, 2, 15, 0
35.168234, 128.035483, 1, 32, 8, 1, 2, 13, 0
35.168268, 128.035488, 4, 27, 11, 0, 2, 18, 0
35.168325, 128.035499, 2, 25, 17, 0, 2, 10, 0
35.168383, 128.035510, 1, 30, 20, 0, 2, 9, 0
35.168421, 128.035520, 1, 31, 15, 0, 2, 11, 0
35.168461, 128.035560, 1, 25, 12, 1, 1, 8, 0
35.168519, 128.035657, 0, 23, 15, 1, 2, 10, 0
35.168554, 128.035719, 0, 29, 10, 0, 1, 6, 0
35.168566, 128.035775, 0, 25, 8, 0, 1, 5, 0
35.168582, 128.035829, 1, 18, 11, 1, 1, 6, 0
35.168591, 128.035919, 0, 18, 14, 0, 1, 6, 0
35.168615, 128.036005, 1, 32, 20, 0, 3, 11, 0
35.168629, 128.036063, 2, 36, 22, 0, 5, 10, 0
35.168648, 128.036101, 1, 30, 18, 0, 2, 10, 0
35.168683, 128.036130, 0, 21, 10, 0, 3, 6, 0
35.168734, 128.036135, 0, 15, 6, 0, 5, 7, 0
35.168788, 128.036207, 1, 12, 9, 0, 1, 15, 0
35.168865, 128.036232, 1, 19, 16, 1, 3, 17, 0
35.168915, 128.036263, 2, 24, 20, 3, 2, 18, 0
35.168958, 128.036295, 1, 24, 19, 0, 0, 11, 0
35.168984, 128.036311, 1, 25, 9, 1, 3, 15, 0
35.169032, 128.036331, 1, 25, 13, 1, 5, 8, 0
35.169066, 128.036359, 1, 21, 15, 0, 2, 11, 0
35.169121, 128.036456, 1, 27, 16, 2, 1, 6, 0
35.169124, 128.036573, 1, 29, 20, 2, 2, 4, 0
35.169122, 128.036649, 1, 17, 16, 1, 2, 4, 0
35.169126, 128.036688, 1, 14, 13, 0, 2, 7, 0
35.169141, 128.036709, 2, 15, 17, 0, 3, 15, 1
35.169191, 128.036764, 1, 21, 17, 0, 1, 10, 0
35.169201, 128.036805, 1, 17, 18, 0, 1, 6, 0
35.169216, 128.036868, 1, 16, 16, 0, 0, 8, 0
35.169223, 128.036871, 1, 13, 16, 0, 0, 7, 0
35.169247, 128.036912, 2, 17, 19, 0, 0, 18, 0
35.169286, 128.036981, 1, 18, 10, 1, 1, 8, 0
35.169308, 128.037015, 0, 21, 13, 0, 2, 10, 0
35.169357, 128.037008, 0, 22, 17, 0, 0, 10, 0
35.169434, 128.037080, 0, 9, 13, 0, 1, 13, 0
35.169465, 128.037145, 0, 15, 13, 0, 2, 11, 1
35.169509, 128.037199, 1, 17, 10, 0, 3, 15, 0
35.169577, 128.037243, 0, 9, 18, 0, 5, 11, 0
35.169625, 128.037274, 0, 28, 22, 0, 0, 15, 0
35.169663, 128.037337, 0, 21, 12, 0, 1, 12, 0
35.169684, 128.037401, 0, 19, 9, 0, 2, 8, 0
35.169614, 128.037505, 0, 13, 9, 0, 5, 3, 0
35.169653, 128.037534, 0, 12, 11, 0, 3, 14, 0
35.169802, 128.037655, 0, 16, 16, 1, 5, 7, 0
35.169819, 128.037670, 0, 21, 13, 0, 6, 15, 1
35.169868, 128.037718, 0, 12, 3, 0, 5, 8, 0
35.169896, 128.037748, 0, 13, 10, 1, 3, 12, 0
35.169936, 128.037768, 1, 14, 9, 0, 3, 8, 0
35.169992, 128.037797, 1, 20, 12, 0, 5, 14, 0
35.170043, 128.037825, 1, 16, 7, 0, 8, 20, 0
35.170089, 128.037851, 1, 7, 3, 2, 5, 17, 0
35.170126, 128.037799, 0, 15, 7, 0, 1, 9, 0
35.170148, 128.037800, 0, 13, 8, 0, 4, 6, 0
35.170184, 128.037795, 0, 14, 9, 0, 1, 3, 0
35.170210, 128.037767, 0, 14, 5, 0, 1, 2, 0
35.170253, 128.037690, 1, 7, 5, 0, 0, 1, 0
35.170251, 128.037663, 1, 9, 3, 0, 0, 1, 0
35.170204, 128.037626, 1, 11, 10, 0, 0, 3, 0
35.170136, 128.037589, 1, 13, 8, 0, 0, 6, 0
35.170074, 128.037558, 2, 14, 6, 0, 0, 7, 0
35.170036, 128.037540, 0, 19, 7, 0, 0, 7, 0
35.170012, 128.037525, 0, 20, 6, 0, 1, 10, 0
35.169959, 128.037480, 0, 23, 6, 1, 0, 6, 0
35.169938, 128.037459, 0, 28, 6, 1, 2, 8, 0
35.169912, 128.037430, 0, 29, 8, 1, 1, 9, 0
35.169878, 128.037390, 1, 27, 4, 0, 2, 7, 0
35.169844, 128.037348, 1, 18, 9, 1, 1, 6, 0
35.169818, 128.037317, 1, 21, 9, 1, 1, 7, 0
35.169794, 128.037287, 0, 20, 8, 1, 1, 6, 0
35.169778, 128.037250, 0, 24, 10, 0, 3, 7, 0
35.169760, 128.037220, 0, 32, 11, 0, 1, 5, 0
35.169747, 128.037202, 1, 29, 14, 0, 3, 4, 0
35.169730, 128.037182, 1, 25, 16, 0, 3, 7, 0
35.169710, 128.037158, 1, 23, 13, 0, 2, 12, 0
35.169690, 128.037133, 3, 17, 15, 0, 4, 10, 0
35.169669, 128.037108, 2, 16, 15, 0, 1, 10, 0
35.169646, 128.037083, 1, 13, 15, 1, 1, 8, 0
35.169621, 128.037056, 1, 12, 8, 1, 0, 10, 0
35.169594, 128.037026, 0, 15, 7, 0, 0, 6, 0
35.169573, 128.037002, 1, 15, 5, 0, 0, 10, 0
35.169562, 128.036990, 0, 20, 7, 0, 0, 11, 0
35.169554, 128.036982, 1, 22, 7, 0, 1, 12, 0
35.169547, 128.036975, 1, 24, 8, 0, 0, 9, 0
35.169539, 128.036965, 0, 20, 9, 0, 0, 11, 0
35.169527, 128.036950, 0, 23, 9, 0, 0, 13, 0
35.169518, 128.036941, 0, 20, 15, 0, 1, 10, 0
35.169508, 128.036929, 0, 23, 11, 1, 4, 6, 0
35.169488, 128.036905, 0, 21, 12, 0, 1, 6, 0
35.169476, 128.036858, 0, 24, 14, 0, 3, 4, 0
35.169461, 128.036819, 1, 24, 11, 0, 2, 4, 0
35.169437, 128.036786, 1, 22, 6, 0, 2, 2, 0
35.169414, 128.036757, 0, 21, 12, 0, 1, 4, 0
35.169390, 128.036728, 0, 16, 9, 0, 1, 8, 0
35.169368, 128.036700, 0, 18, 12, 0, 1, 11, 0
35.169343, 128.036669, 0, 16, 15, 0, 3, 8, 0
35.169316, 128.036639, 1, 16, 19, 0, 1, 7, 0
35.169289, 128.036606, 0, 21, 16, 0, 1, 12, 0
35.169262, 128.036574, 0, 19, 14, 0, 0, 10, 0
35.169236, 128.036543, 0, 26, 15, 0, 1, 16, 0
35.169209, 128.036514, 1, 24, 7, 1, 1, 11, 0
35.169181, 128.036481, 1, 18, 9, 0, 1, 9, 1
35.169155, 128.036453, 1, 23, 9, 0, 3, 9, 1
35.169137, 128.036433, 0, 30, 13, 1, 1, 8, 0
35.169119, 128.036411, 2, 26, 12, 0, 2, 8, 1
35.169094, 128.036380, 1, 27, 15, 0, 2, 11, 0
35.169075, 128.036355, 0, 31, 14, 0, 1, 6, 0
35.169057, 128.036334, 1, 37, 14, 0, 1, 5, 0
35.169044, 128.036314, 1, 32, 18, 0, 2, 8, 0
35.169033, 128.036298, 4, 36, 14, 0, 0, 13, 0
35.169006, 128.036264, 1, 30, 14, 0, 1, 10, 0
35.168966, 128.036214, 0, 19, 16, 0, 3, 10, 0
35.168930, 128.036169, 0, 31, 18, 0, 1, 6, 0
35.168906, 128.036139, 0, 34, 23, 0, 2, 9, 0
35.168886, 128.036115, 1, 28, 20, 0, 6, 8, 0
35.168865, 128.036088, 1, 29, 20, 0, 3, 8, 0
35.168842, 128.036062, 1, 23, 12, 0, 2, 10, 0
35.168819, 128.036035, 1, 20, 15, 0, 1, 8, 0
35.168794, 128.036004, 0, 23, 11, 1, 2, 9, 0
35.168769, 128.035973, 0, 24, 12, 1, 2, 5, 0
35.168740, 128.035936, 0, 22, 16, 0, 1, 8, 0
35.168709, 128.035897, 1, 25, 17, 1, 0, 7, 0
35.168678, 128.035858, 1, 25, 16, 0, 1, 4, 0
35.168648, 128.035819, 1, 17, 12, 0, 1, 5, 0
35.168618, 128.035780, 0, 17, 13, 0, 1, 7, 0
35.168587, 128.035740, 0, 16, 4, 0, 0, 11, 0
35.168555, 128.035700, 0, 24, 10, 0, 1, 10, 0
35.168522, 128.035657, 0, 25, 15, 1, 1, 11, 0
35.168488, 128.035617, 1, 17, 13, 1, 4, 12, 0
35.168464, 128.035566, 1, 21, 8, 1, 1, 10, 0
35.168440, 128.035520, 4, 29, 12, 0, 2, 12, 0
35.168410, 128.035478, 1, 33, 11, 0, 1, 10, 0
35.168379, 128.035438, 0, 23, 11, 0, 3, 8, 0
35.168347, 128.035398, 2, 30, 13, 0, 1, 8, 0
35.168314, 128.035357, 2, 20, 11, 0, 1, 6, 0
35.168283, 128.035314, 1, 28, 10, 0, 1, 7, 0
35.168249, 128.035273, 3, 31, 12, 0, 1, 6, 0
35.168213, 128.035231, 0, 22, 13, 0, 3, 11, 0
35.168178, 128.035191, 1, 22, 11, 1, 4, 9, 0
35.168143, 128.035153, 0, 23, 11, 0, 1, 6, 0
35.168108, 128.035112, 0, 25, 12, 0, 4, 4, 0
35.168073, 128.035069, 0, 17, 12, 0, 2, 10, 0
35.168040, 128.035030, 1, 18, 16, 0, 1, 15, 0
35.168006, 128.034988, 0, 25, 11, 0, 0, 9, 0
35.167969, 128.034943, 2, 19, 12, 0, 0, 9, 0
35.167934, 128.034902, 2, 21, 8, 0, 1, 8, 0
35.167898, 128.034858, 0, 18, 9, 1, 1, 8, 0
35.167872, 128.034829, 0, 16, 7, 0, 1, 11, 0
35.167849, 128.034804, 0, 16, 13, 0, 2, 8, 0
35.167821, 128.034773, 0, 20, 12, 0, 0, 4, 0
35.167790, 128.034741, 1, 18, 14, 0, 2, 8, 0
35.167756, 128.034708, 0, 28, 9, 0, 3, 8, 0
35.167722, 128.034676, 0, 16, 12, 0, 5, 5, 0
35.167687, 128.034641, 0, 12, 11, 0, 1, 12, 0
35.167654, 128.034609, 0, 14, 17, 1, 2, 13, 0
35.167616, 128.034572, 0, 14, 8, 0, 1, 10, 0
35.167578, 128.034533, 0, 21, 5, 0, 0, 4, 0
35.167542, 128.034494, 0, 16, 12, 0, 1, 5, 0
35.167503, 128.034453, 0, 13, 13, 0, 3, 6, 0
35.167464, 128.034413, 0, 23, 13, 0, 0, 10, 0
35.167424, 128.034373, 0, 29, 8, 1, 0, 7, 0
35.167389, 128.034337, 0, 21, 10, 0, 1, 7, 0
35.167356, 128.034301, 0, 10, 10, 1, 3, 7, 0
35.167320, 128.034266, 0, 11, 9, 0, 0, 10, 0
35.167287, 128.034232, 0, 13, 6, 0, 0, 6, 0
35.167253, 128.034197, 0, 13, 5, 0, 0, 5, 0
35.167216, 128.034162, 0, 20, 6, 0, 1, 10, 0
35.167178, 128.034127, 0, 17, 5, 0, 1, 9, 0
35.167142, 128.034091, 0, 15, 7, 0, 2, 12, 0
35.167105, 128.034055, 0, 26, 11, 0, 2, 9, 0
35.167063, 128.034012, 0, 28, 12, 0, 0, 8, 0
35.167020, 128.033970, 0, 19, 7, 0, 1, 8, 0
35.166992, 128.033941, 0, 12, 6, 0, 1, 12, 0
35.166966, 128.033913, 0, 8, 8, 0, 0, 7, 0
35.166919, 128.033861, 1, 14, 8, 0, 2, 4, 0
35.166876, 128.033814, 1, 18, 5, 0, 0, 4, 0
35.166835, 128.033770, 0, 17, 7, 0, 1, 6, 0
35.166794, 128.033729, 0, 15, 6, 0, 2, 9, 0
35.166755, 128.033689, 0, 7, 4, 0, 1, 14, 0
35.166720, 128.033652, 0, 11, 7, 0, 3, 10, 0
35.166694, 128.033627, 0, 11, 5, 0, 2, 7, 0
35.166671, 128.033602, 0, 16, 5, 0, 2, 9, 0
35.166630, 128.033561, 0, 16, 7, 2, 1, 15, 0
35.166587, 128.033519, 0, 23, 11, 3, 0, 13, 0
35.166550, 128.033483, 0, 24, 9, 1, 0, 10, 0
35.166516, 128.033449, 0, 18, 10, 1, 0, 8, 0
35.166486, 128.033421, 0, 23, 8, 1, 4, 9, 0
35.166455, 128.033392, 0, 23, 7, 0, 1, 12, 0
35.166427, 128.033362, 0, 22, 8, 1, 1, 20, 0
35.166397, 128.033328, 0, 13, 10, 1, 1, 9, 0
35.166361, 128.033290, 0, 18, 11, 0, 1, 7, 0
35.166321, 128.033251, 0, 23, 8, 0, 1, 6, 0
35.166281, 128.033211, 1, 16, 9, 2, 0, 4, 0
35.166243, 128.033172, 0, 18, 7, 0, 0, 7, 0
35.166204, 128.033130, 0, 25, 6, 0, 0, 5, 0
35.166158, 128.033085, 0, 16, 5, 0, 1, 7, 0
35.166120, 128.033045, 0, 13, 5, 0, 1, 8, 0
35.166086, 128.033012, 0, 16, 6, 0, 1, 6, 0
35.166053, 128.032976, 0, 14, 9, 0, 3, 9, 0
35.166020, 128.032941, 0, 13, 8, 0, 4, 11, 0
35.165986, 128.032906, 0, 19, 7, 0, 3, 5, 0
35.165958, 128.032876, 0, 17, 6, 0, 1, 8, 0
35.165929, 128.032846, 0, 15, 10, 0, 0, 11, 0
35.165900, 128.032814, 1, 16, 13, 0, 1, 9, 0
35.165872, 128.032785, 2, 13, 7, 0, 2, 6, 0
35.165843, 128.032755, 1, 16, 12, 0, 0, 9, 0
35.165813, 128.032726, 1, 16, 17, 0, 1, 9, 0
35.165784, 128.032699, 0, 15, 16, 0, 2, 14, 0
35.165757, 128.032674, 1, 14, 9, 0, 1, 9, 0
35.165731, 128.032649, 1, 15, 11, 0, 0, 9, 0
35.165704, 128.032623, 0, 21, 6, 0, 1, 4, 0
35.165676, 128.032595, 0, 24, 11, 0, 1, 8, 0
35.165651, 128.032566, 0, 20, 9, 1, 1, 5, 0
35.165630, 128.032543, 0, 19, 11, 0, 1, 11, 0
35.164054, 128.031115, 0, 20, 11, 0, 1, 14, 0
35.164075, 128.031140, 1, 18, 15, 0, 4, 16, 1
35.164098, 128.031164, 1, 19, 13, 0, 1, 16, 0
35.164127, 128.031188, 1, 16, 13, 0, 0, 17, 0
35.164158, 128.031215, 0, 17, 15, 0, 0, 13, 0
35.164197, 128.031248, 0, 17, 12, 0, 0, 14, 0
35.164238, 128.031283, 1, 14, 13, 0, 2, 14, 0
35.164273, 128.031316, 1, 16, 11, 0, 3, 19, 0
